label,review
1,嗯，放松的时候，应该最喜欢看，嗯，看电影吧。因为，看电影是一个娱乐性比较强的活动，然后，也不是特别需要动脑子，所以，哎，反正我最近看电影
0,讨厌的人呢，应该比较讨厌那种，就特别以自我为中心的，要么就是，然后，就什么事情他都觉得自己他很对，然后，特别喜欢和你争论那种人，我特别讨厌。然后，嗯，要不然就是，不太懂得，知道，就人与人之间交往的分寸那样的人我，也挺讨厌的
1,我放松的时候最喜欢打游戏吧，因为打游戏的时候不用想太多的事情，就全身心的投入到游戏中去赢一把游戏
0,"我上一次和别人争吵应该是上上周的周末，和我弟的一次争吵，主要原因是他把我的一张电话卡给弄丢了，然后我就很生气，和他吵了一架
"
1,"我放松的时候最喜欢晒太阳。
"
0,"上一次和别人正常差不多就是两分钟前吧，因为他总是打断我说话，总是不能够倾听我说话，所以我就觉得跟他没话好说了，不想和他说话了。有时候跟别人争吵不是说把喉咙嗓子扯得很高，而是不想听他说话。
"
1,"那是一个比较开朗热心的人。倒不是说哪些地方吸引，只能说让人很安心。
"
0,"记不清了。人在接触网络的过程中总会因为这样那样的原因，也许只是情绪的冲动。
"
1,"我上课也和朋友一起打游戏。
"
0,"这不清楚，应该很久没有和别人争吵过了。应该说稍微有点像争吵的应该就是打游戏的时候和朋友有一些争执吧，但就是很普通的那种，算不上争执吧可能。
"
1,"上一次感到开心是和咨询师聊到自己的人生观念以及自己的一些判断能力的时候，被认可逻辑思维没有出问题以及价值观念分有很多种，和其他人不一样也是可以的。这样一个情况下我会觉得挺开心的。
"
0,"上一次争吵是回家的时候，爷爷一直要跟给我灌输他觉得一个人要怎样去思考。虽然他说东西误事，能够理解，但是我觉得太由人这样很轻松愉快地谈论一些理所当然的事给我造成很大的精神负担，我不想去附和他们去讲一些假大空的事情，没有什么细节，对我没有什么太大帮助。
"
1,"我上一次感到开心应该是周末的时候去大学路闲逛，然后吃了晚饭，然后一个人走回学校路上感觉还挺开心的。就可能是运动的快乐，就吃完好吃的之后运动的快乐。
"
0,"有点不太记得，我上一次和别人争吵应该是，可能是，应该是三周以前了吧。原因是我的朋友处于备考考研的阶段，他的心理压力也比较大，在这个过程中，就因为我也处于一个比较敏感的时期，所以两个人就发生了一点比较小的摩擦。不过很快就解决了，因为我本身就不是一个很容易和别人发生争吵的人，而且发现了矛盾之后就很快冷静下来分析原因。然后对方也是一个比较冷静的人，所以很快这个问题就解决了。
"
1,在同济心理中心做助管很开心。
0,已经记不得了，很久没有和人争吵了。
1,今天天气很好。
0,忘记了，没有跟别人争吵过。
1,在操场上体育课的时候听到了喜欢的乐队的歌。
0,"上周五和男朋友吵架。因为他周四就跟我说要过来找我，然后推到了周五。周五又推了一次，我说，他不舒服就回去休息，但是他一定要来。在我准备好了之后他又跟我说他来不了了。
"
1,"额，生活中给我带来正面影响的人其实还蛮多的。嗯，举一个例子的话，应该是我的高中数学老师，嗯，他的话，就是，额，从平常日常里的一些行为，包括是他的一个，讲课的一个方式，他讲述的内容也好，就各种方面都会在影响着你，让你感觉他很积极向上的一个感觉，虽然他会，也会有那种，有的时候会很，内个，烦躁，就工作上面啊，教学上面会有一些困难什么的，但是，确确实实他大部分时间传达给我的一个感觉是一个，很，让我想要努力变得更好，这样一个状态。有的时候就看到他很认真的备课，他的备课笔记写的非常清楚，作为一名相当有水平，教学经验也十分充足的高中老师，他其实没有必要去做那样的一个辛苦的事情，但是他确确实实，每年，每一次，每一天都在认真准备题目，都在认真的讲，每一道题都写的清清楚楚，我觉得这个认真的态度特别的让我希望我自己也能变得更好
"
0,额，好像没有过失眠，就，额，很少吧。失眠的时候就是，额，那个时候应该是脑子里一直在想事情，就，有什么东西堵着，梗着，然后，不想睡，睡不着。也，额，就，不过还行，额，好像没有刻意的说是真的睡不着，就是，有的时候也只是难过一会，然后，会，到，到了某个点真的难过的劲过了，就，还是会睡吧，也没有说睡不着，怎么也睡不着这种情况，额，应该是没有吧
1,我，我其实已经不太知道我会不会开心了，就感觉很久，很长一段时间，就我的情绪都不太的好，都都不太好。然后，大部分情况下，它可能很容易悲伤。然后有的时候我可能笑，但是我我甚至我现在回想，我都不知道我当时是不是开心的。当时可能没有那么悲伤，但是我也不知道我有没有能够感觉到说，开心之类的。可能嗯比如说说我八百米跑完，然后我觉得那个成绩还可以的时候，我可能会感觉到好一些，但是我是我不我不能确定我是不是开心激动或是兴奋的。
0,"我最后悔的事情是没有在高三的时候，有去愤怒的能力与勇气。当时我没有狠狠地怼，怼我的班主任，这一直让我现在很后悔。就，然后当时高三很多愤怒的时候我是没有发泄出来的，我一直压抑过来。我之前以为自己过去了，缓一段时间就好了，但他们一直影响到了我现在。就是，我最后悔的事情就是，就是没有在当时，他们侵犯我，我权利的时候，我就爆发出我的愤怒，没有。后悔就是，而且也很后悔说，当时自己可能把他，对他们的压抑给，不是，对他们的讨厌给压抑下来了，然后加上自己可能对他们还有尊敬，甚至某种情况下因为是我的班主任，甚至还有一些，嗯，对我来说嗯现在看来有点讨好谄媚的成分。虽然不是很严重，但这让我感觉非常的难受，而且当时父母也没有站在我这边，我都没有表现出，就是我把我的愤怒都压抑出来，没有强有力地去攻击他，这让我感觉非常意难平，嗯，一直折磨我吧算是。
"
1,"上一次感到开心的时候就是刚才吃晚饭时，因为在一个以前比较少去的食堂，发现了一个好吃的菜
"
0,"没有想说特别后悔的事情
"
1,"我的母亲，因为她一直告诫我要乐观的生活，并且，就算你生活当中遇到了挫折你也要勇敢的面对他们，并且能够积极的去改正。如果实在不行呢，也要有勇气从头再来。然后她也跟我说事情要一件一件的做好，所以我认为她对我的影响很大，并且带来了很多正面影响
"
0,"上一次与人争吵好像还是，额，小组作业里面，在最后要上台呈现之前，我们分工上出现问题的时候，额，那次是因为，本来说好是两个同学一起上去讲，但是有一位同学，在我们上台讲之前的一两天，他说我不太想讲了，然后，当时就感觉，不是很开心。但也不能算争吵就是，可能也是我的原因，我态度比较的强硬，就和平常比起来还是有一点点类似于争吵，但最后的结果还是我们两个人一起上台，所以，结果还是好的，并且我之后冷静下来也是，额，理智的继续沟通下去
"
1,"晚上吃了北苑食堂的一种炒饭，回来的时候还喝了奶茶所以很开心
"
0,"有关高考志愿，本来可以报一个提前批，但是，额，就是没有去这次机会
"
1,"我放松的时候最喜欢，额，随便走一走散散步。因为这个时候很多时候是以一种旁观者的身份去观察身边的人和事情，看看别人忙碌的生活，然后，我只是一种旁观者的角度，不需要参与一些事务，不需要处理一些事务，只是观察
"
0,"我可能没办法去比较出一个最后悔的事情，实际上我现在对后悔的这个问题不是很敏感，我只是觉得后悔没有太大的意义，可能有意义的相对来说是反省。嗯，但，后悔我觉得既然已经发生了没必要再去悔恨他
"
1,"今天去，早上去公司的时候被发了圣诞节的糖果很开心
"
0,"在公司里给模型调参，一直没有办法刷到数据第一，好烦哦
"
1,"放松的时候最喜欢看一看简单的剧或者电影，或者其他东西，玩一玩简单的游戏，因为他们比较放松，嗯，不需要个人思考吧，基本上跟着作者的思路往下走就可以了，而且停下来很快
"
0,"大概是，考试周结束之后回家路上，让我感觉这学期自己的事情，做的不太好，然后，没有找到一些有趣的事情，大概这样吧
"
1,"走廊那一头的树是红色的，那一头的树是绿色的
"
0,"我小学就应该开始学英语的
"
1,"额，班主任，乐观的看待生活
"
0,"大概一九年年末考试周的时候，做项目的时候观点不合
"
1,"放松的时候最喜欢做的就是，一边听着音乐，一边刷贴吧或者是看一些新闻，因为这样可以了解一些比较有趣的事情，也能比较好的缓解自己的情绪
"
0,"最近一次不开心，应该就是在考完计算机网络这门课的时候吧，因为就感觉考的比较差。然后，期末因为一些，一些课程的项目，设计没有完成，然后就导致，额，最后的复习的时间不够用，然后平常的时候，听讲也没有做到比较认真的听讲，就，所以最后的考试的结果就
"
1,"在图形学的答辩的过程中获得了非常好的效果，开心是因为一学期终于结束，最后一次答辩取得了非常好的效果
"
0,"上一次争吵是跟父母之间，因为他们，想让我在假期过程中有一个合理的自己的学习规划，然后就强迫我要去学习
"
1,"最好的朋友大概就是，能在难过的时候陪伴自己吧
"
0,"额，应该是，嗯，爷爷过世的时候没有及时赶回去吧
"
1,"打篮球，因为既可以缓解精神压力又可以锻炼身体
"
0,"应该是在去年的五月份，当时是和我的室友，在半夜的时候有一点小的争吵。因为当时已经是凌晨三点多了，我的室友在看F1的比赛，但是他，就是没有，可能当时看的也是太，太过激动了，没有顾及到我在睡觉，所以，就是，喊得声音比较大，把我直接吵醒了，所以我当时就非常生气，和他当时，有一些小的争执
"
1,"应该是朋友吧，就，在我遇到困难的时候给了我很多帮助和指引
"
0,"很少失眠，偶尔失眠的时候也没有什么感觉，只是比较惊讶，过了很久发现我还醒着
"
1,"昨天，额，在网上查那个，期末考试成绩的时候，发现，那个就自然辩证法，那个成绩92分，听说这个成绩还挺高的，所以感觉特别
"
0,"我感觉我生气的时候不是特别多，然后生气的时候处理自己的情绪的话，嗯，我觉得，我暂时没有什么特别好的处理方式，但是我感觉这个对我不会造成什么比较大的影响吧，毕竟不是自己认为自己不是一个特别爱生气的人
"
1,"吃的，就比如说，桂林米粉，卷筒粉，烧鸭，烧鹅，柠檬鸭
"
0,就是那种仗着自己，就是性格特别大大咧咧，然后，其实，就是，经常，就是会做一些伤害别人举动的事情
1,"最近感到开心的事就是放假了吧
"
0,"上一次，好像，与别人争吵，已经忘了是什么时候了
"
1,"我放松的时候喜欢看美食视频和玩游戏，因为能让我放松呀，什么都不要想
"
0,"额，我很少失眠，然后失眠的时候，没，就感觉就是能不能睡着，随便吧
"
1,"的时候喜欢看小说，因为，就是看有趣的故事会心情比较愉快
"
0,"嗯，生气的时候一般会听音乐，一个人静一静，或者去外面运动，发泄一下情绪
"
1,"生活中给我带来正面影响的人应该是我的妈妈，嗯，爸爸和我的，额，朋友，然后，额，女朋友，他们就是很可爱，会给我一些正确的引导，然后，能够使我很开心，看到他们就很开心
"
0,"我不经常失眠但是，额，每天要隔一段，上床之后要隔一段时间才能睡觉，这段时间我就会想一些有的没的，并不是很痛苦
"
1,"家乡的风景好，空气好，然后家乡的人民特别热情
"
0,是前面一次写的程序出了BUG
1,"放松的时候就是最喜欢去，打球或者是在宿舍里看电视看比赛，然后有时候还会出去到现场去看比赛，就感觉可以让整个大脑都放松一下，什么都不用想
"
0,"我最讨厌的事情应该就是排队插队的现象，因为我本身就算是一个就是并没有那么耐心的人，然后我在排队的时候，突然就旁边有人插队的话我会特别的生气，然后，有的时候我会就，和他，和他就是会说这个事情的
"
1,"上一次感到开心应该是，额，发现自己喜欢的动画一次更
"
0,"那要看是什么样的情况吧，就是，普通的话我觉得应该没，没什么，就比较生气的话一般会看，看情况，一般会先憋着吧，然后，等到有机会的话会和朋友啊之类的，吐槽一下之类的
"
1,"最喜欢家乡的气候吧，就夏天，夏天也就二十多度，冬天也就十度左右，比较适合居住吧
"
0,"大概就是在，抢不到车票的时候吧，因为买机票，真的，真的要贵很多。然后，春运嘛，就，就很多方法都试了还是抢不到
"
1,"上一次开心是今天中午的时候我有一个从小就特别好的朋友去了日本考学，考了好多所，考了半年多了都没有考上，终于今天中午拿到了录取通知书，就非常替他开心
"
0,"最近一次不开心应该是期末考试吧，因为当时状态不是很好，就是，每一门复习都，想学也学不进去，不想学又不敢放，就非常自责。嗯，然后，刚刚看了出来的成绩，有的也不是很理想，所以挺，挺懊悔
"
1,"那时候最喜欢做的事情是追剧，额，一般来说，嗯，追剧的话会按照自己的喜好分为演员或者是某种特定的题材。为什么喜欢呢，其实我觉得，嗯，往往剧，额，或者是相，相关的书籍的话，他展示的是另外一个世界，往往还有他自己自带的世界观和价值观，然后你在追剧的过程或者是阅读相关书的过程当中相当于是体验了一遍不一样的经历，我决定这是最有意思的部分
"
0,"我很少失眠，然后仅有的失眠的时候，是，会觉得脑袋很兴奋，但是身体很疲惫，然后你熬过了一段时间之后，你就自然的，就是太累了就会睡着
"
1,"我最放松的时候喜欢睡觉看电影或者玩玩游戏，因为做这些事的时候我不需要思考很多令人非常压抑非常痛苦的事情
"
0,"我没有经常失眠，但是失眠的时候呢，我就会感觉非常的难受，因为我这场失眠的话，可能会导致我明天的工作节奏也会被打乱，然后我明天，如果不能得到足够的休息的话，明天可能我就不能很好的完成应该完成的工作，然后，第二天我可能会继续睡不着
"
1,"额，我最好的朋友应该是王毅，他，他最吸引我的，首先是他非常的聪明，额，怎么说呢，他就读于清华大学，并且在清华大学，额，至少在大一一年的学期种是排名专业第一，然后，除此以外，他还比较喜欢去打排球，然后也是他们民乐，清华民乐团中的一员，也经常随团去各地演出，额，所以他能在有限的时间里，然后去达到这么一个成绩，我觉得是非常非常聪明的，并且在高中的时候他也是属于思维非常敏捷，经常会想到一些标准答案之外，比标准答案还要巧妙的一些做法。额，其次，他是，他，他，他比较善良比较体贴，就是在我，就是不开心的时候，但是他也比较忙的时候，他还是会抽出时间去，去陪我聊天，去安慰我，去，或者说是给我一些建议。其次，我觉得他是，他是规划能力比较好的一个人，他，我觉得他能把他自己要做的事情，额，想，就是想处理的一些事情都安排的非常的井井有条，对，这是我觉得他比较吸引我的一些地方。
"
0,"最后悔的事情肯定就是高三的时候没有好好锻炼身体，然后，导致，而且就是会熬夜啊，或者不吃早饭啊，就导致胃变得比较不好，然后会在高考之前，就在高考之前，就是各种上吐下泻，然后，然后考前大概半个小时才到了考场，然后整个人状态也非常非常的差，然后导致我整个考语文的时候是，等于说是大脑一片空白，嗯，最后也导致了我，我的语文就是包括作文甚至会写偏题，然后语文成绩最后出来，也不是特别特别的理想，对，和我，而且本身我的语文相对来说是我的一个优势项目，最后变成了，甚至变成了可能全班倒数的水平，这个也是让我非常非常的难以接受的，然后所以，怎么说呢，这应该算是我，有限的，二十，二十年的人生中，比较后悔的事情，然后，对应该差不多，就这样
"
1,"额，父母监督我好好学习
"
0,"哇，最近不开心的事就是一直考试吧，考试，连续三天考试，而且考了三大主科，非常重要，感觉自己复习的并不好
"
1,"我认为是我的父母，老话说父母是孩子第一任老师，从我记事到高中毕业为止，我在与他人的交往中很少谈及道德为人方面的问题，而父母作为引导者时刻关注我的行为，予以指正或者褒奖，并且尽可能的以身作则，让我明白如何
"
0,"生活中令人烦躁的事情很多，学习和游戏时都有。不论大小的话，最近的一次是在玩游戏的时候输了一把，毕竟竞技游戏，想赢很正常，虽然输完之后懊恼了一段时间，觉得自己和队友之间配合的不是很好，但是很快就抛到脑后了
"
1,"家乡的人和食物
"
0,"我没有什么最后悔的事情，因为我觉得做完什么事情之后就不要后悔，向前看就好了
"
1,"喜欢听音乐因为很放松
"
0,"跟好朋友说呗
"
1,"前两天回家，然后和同学聚会的时候，大家说一起玩，玩斗地主吧。然后斗地主玩着玩着，就，刚开始是没有说要花，就是赌钱什么什么的，但是，后来因为为了更加刺激一点，就五角，五角钱一局，然后虽然五角钱大家都是有输有赢，但也不多，后来说换一个花样玩，就是玩另外一种玩法，结果我是第一次玩，玩着玩着就抽到一副王炸，翻了好多倍一次性赚了四十多块钱，直接把回家的车票给赚了
"
0,"就前两天ipad摔坏了，然后，要寄回京东给他维修，然后就正在做这个东西的适合，我的老爹风风火火地跑过来跟我说赶紧去寄快递还在这磨蹭什么。然后，当时就，明明自己已经在做这个事情了，然后他还是带着一副指使的语气，然后两个人就发生了争吵，就跟他说已经在搞了，不要急，什么什么，然后就吵了一会
"
1,"我放松的时候最喜欢去学校附近的海边走一走，因为平时的课业压力比较大，所以需要看看大海来缓解一下心情
"
0,"我最近一次感到不开心的时候就是上周吧，我们老师找我干个杂活，给他填一个材料。我和，嗯，我和我的另外一个师兄，用了将近一天的时间，熬到，熬到凌晨才给他填完，嗯。这件事本来可以提前做的，但是他没有早通知我
"
1,"喜欢睡觉，因为睡觉很舒服
"
0,"太久远了，不记得了，嘻
"
1,"上一次感到开心，是拿到面上项目的时候因为自己付出了那么多的努力最后终于有了好的成果
"
0,"深呼吸，跟其他人抱怨，骂几句
"
1,"嗯，我最好的一个朋友，嗯，他就是，额，虽然说，就是，志趣爱好和我不是特别合，但是为人特别开朗和豪爽，然后，对朋友么，也是倾心相助，坦诚相见。大家有困难时都会一起帮忙，有好处的时候都会一起分享。差不多就是这样。
"
0,"最讨厌人么当然就是打王者时候遇到那些死马仔，就特别，能够坏人心态，一直在那边发什么干得漂亮、收到，虽然我也经常那么干，但我纯粹是为了反击他们。然后，呃，演员懂吗，就是，那种，嗯，就尤其是哪种导演，花钱，就是请人在对面或是自己这边安排，彼此安排上分那种。
"
1,"其实也没什么最好的朋友，算了吧。
"
0,"不经常，不经常失眠。
"
1,"我觉得生活中给我带来正面影响的人应该是我的父母吧。他们把我带到这个世界上来，然后为我塑造了正确的三观，让我积极健康地成长，教会我怎样做一个，怎样做一个有用的人吧，怎样做一个积极向上的人，把我变成了今天这个样子。他们对我的正面影响几乎是无时无刻的，所以我觉得给我带来最大正面影响的人应该是我的父母。
"
0,"我不经常失眠。我失眠的时候往往就是第二天会有非常重要或者非常令我心绪难平的事吧，才会失眠。失眠的时候感觉就是，额，睡不着，脑海里越来越精神，越来越清明，反而是陷入一种比较亢奋的状态下，这样就导致就是，越来越睡不着了，就失眠了。
"
1,"建筑。
"
0,"食堂打饭和阿姨争吵。因为阿姨不给我把两个菜分开，她要把两个菜打到一个盘子里。
"
1,"放松的时候最喜欢听歌。因为我喜欢唱歌。
"
0,"嗯，不记得有愤怒和懊恼了。不开心的话，都是生活中的小事情吧，然后很快的话也会过去。
"
1,"就是，嗯，他跟我们一起长大，性格特别能包容别人，然后很温柔的那种人。
"
0,"最近一次是，就是有两门专业课成绩出来后，就觉得自己本来可以拿优的但还是拿了良。
"
1,"嗯，上一次感到开心的时候是上个周末和男朋友一起出去看画展，原因是因为好久都没有这样，就两个人在一起开开心心的，没有什么压力
"
0,"最讨厌的人或事情，大概是虚伪的人或者虚伪的事情
"
1,"我放松的时候就喜欢看看视频，就觉得比较，可以把自己从当前的生活中剥离出来，然后去进入到另外一个完全不同的世界里面，去体验别人的人生，会觉得比较有意思吧，比较能够放松自己，对。
"
0,"最讨厌的人会是谁啊，啊，一下子想不起来吧。但我感觉最讨厌的人就是，啊，就是不诚实的人，欺骗你的人。不管是，就是欺骗你肯定会有情感上的欺骗，因为你肯定很信任他。那当你很信任这个人但是他欺骗了你，会让你，啊，让我觉得很不能接受，一时间没有办法从里面走出来这种感觉。
"
1,"上一个寒假的时候。因为我看完了一部自己最喜欢的动漫。
"
0,"一年以前吧，当时我的心情不太好因为复杂的原因。
"
1,"其实最近没有让我感觉特别开心的大事，我觉得生活中特别细小的小事也能让人开心吧。比如说，听音乐随机到了自己最喜欢的歌曲，比如说下班的路上路过中医院闻到了最喜欢的中药的气味，然后在比如说，嗯，就是都是一些很小的事情但就是很容易让我开心。
"
0,"最后悔的事，我觉得我这个人没有最后悔的事，可能就一些小事会后悔，比如说发生失误啊什么的。但是就是都是一些小事。我这个人就是不会对大事感到后悔。虽然可能证明我当时做错了或者是结果很失败，但是我觉得那是我人生的一部分。是那一部分一部分、一件一件的小事、一件一件的大事才构成了我的人生，构成了现在的我，所以我不会感到非常后悔。
"
1,"与妈妈爸爸通视频的时候。
"
0,"不太记得清楚，好像是上个礼拜什么时候。
"
1,上一次比较激动的时候是晚上打游戏的时候，就因为在打CS
0,"有时候会失眠，然后就是失眠的时候就是会头感觉很头疼，然后就是想睡睡不着觉，心情比较烦躁，然后头也比较晕，然后还会头疼。
"
1,"就出去大吃了一顿。
"
0,"漫无目的的等待。
"
1,"最近的一次是上周，因为买了喜欢的东西。
"
0,"嗯比较后悔的就是，大一下大二上考的不是很好。其实没有什么后悔的事情，其实个人感觉没有什么特别后悔的事情。
"
1,"给我带来正面影响的人是我的同学们。好几位同学都值得我学习他们，他们对我的评价中规中矩，比较勤奋。
"
0,"我最讨厌的就是那些比较懒惰的人。有些人啊，怎么说呢，平时对自己的东西不怎么上心，然后不下功夫，到最后结果不好，然后就啊呀，自己天赋不行，就这些，我觉得这种人挺讨厌的。
"
1,"我喜欢家乡的梅干菜。
"
0,"冷静。
"
1,"阳光开朗大方，热情奔放，然后待人热情，然后对朋友也比较好，人也很好。
"
0,"最后悔的事情就是当年高考的时候没有那么努力，没有考上自己理想的大学。
"
1,"我最好的朋友他个子不高，戴着眼镜，然后也很活泼很可爱，他是单眼皮也有一双很好看的眼睛。他比较吸引我的地方是很乐于助人，然后有一些动作也会说让我觉得非常的愉快，然后在我不开心的时候她也会安慰我。
"
0,"在我印象里面我没有和别人特别激烈地争吵过，就是最多是有一些小摩擦，就是两个人聊一下就能解决的问题。
"
1,"我最放松的时候我一般会睡觉，听音乐，看韩剧，看电影。因为我感觉平时的学习生活比较紧凑，每当我放松的时候会尽可能地用这些娱乐的方式来解压，当然我也会选择运动。运动是减压的最好的方式吧，我认为。而且通过运动还可以消耗我的卡路里。
"
0,"我不经常失眠，但我是属于那种睡觉特别敏感的人，就是有一点灯，就是在我浅睡的时候，刚刚入睡的时候，感觉自己入睡是比较快的，但是如果是有一点声音，嗯就会被吵醒。比如说舍友突然翻了一个身，或者是说，嗯，外面施工的声音。所以一直都还蛮困扰我的，所以我买了耳塞，有助于我睡眠，就是很快的就是进入到一个深睡的状态。
"
1,"喜欢看漂亮的女孩子剪辑出来的视频。因为看着他们就会很开心，很放松。
"
0,"和我的男朋友在两天前。因为我觉得他在敷衍我，他骗了我。
"
1,"我觉得身边优秀的同学和朋友都会给我带来正面的影响。就是跟他们聊天的时候知道他们平时的一些事情其实都是可以影响到我的，都可以给我带来正面的影响。
"
0,"记不太清最近和别人争吵是什么时候了。因为很久没有跟别人争吵了。但是脑海里有印象的跟别人的争吵也是因为工作原因，就是在海报的设计上出现了一个比较大的分歧，然后再协商是失败的，任务又恨紧急，影响又是很大的，于是因为这个原因跟别人发生了争吵。但是不是我自己跟别人吵，是我们一群人跟一个人吵。
"
1,"我最好的朋友，也说不上为什么，总是跟我很合拍。有的时候，我们经常会几天，几周，几个月，甚至大半年没有联系，但是每当我们联系起来的时候，就会有说不完的话，他跟我分享我喜欢的事，我跟他分享我在做的一些东西，两个人总是会一直聊到耳机没电，甚至手机没电才不依不舍地挂断电话。虽然他离我只有二十分钟的高铁车程，但是还是一个学期都没有一次两次机会可以看到他，过年的时候也通常没法聚在一起。但是，每当我们相遇的时候，每当我们坐下来喝点东西聊聊天的时候，就会有一种莫名的熟悉感，大概那就是，心有灵犀？或者是，一种只有你自己，你们两个才懂得默契吧
"
0,"上一次跟别人吵架，可能，一年或半年之前吧。因为什么我也，不太记得了，个人是一个非常不爱跟别人争的人，就，每当遇到问题的时候，就是，我不与谁争，谁与我争我也不屑。我爱大自然，其次是艺术，我手捧着希望之火取暖，火萎了，我也准备走了
"
1,"忽然想太开心的事情其实蛮难的。因为最近事情特别多，压力特别大，很难想到说非常开心的事情。觉得唯一开心的就是准备到国庆了，可以休息一下，这算是唯一开心的吧，其他的还真的想不到。
"
0,"感觉最近因为压力大，一直在和家里人争吵。所以上一次应该也是最近，前两天吧。其实我觉得争吵的内容不是什么大事，就还是情绪感染，最近特别特别烦，然后一有什么事情不太能掌控的时候就有点不耐烦。
"
1,"老师。老师为人师表。
"
0,"好像是想不起来，跟别人争吵诶。
"
1,"喜欢发发呆，听听歌。嗯，因为很喜欢音乐，然后发呆的时候感觉比较轻松。
"
0,"前几天吧。希望有一个同学不要把，负罪感，就是不要让自己太有负罪感，但是他觉得我不能理解他的情绪，然后就有一点点小的争吵。
"
1,"我放松的时候喜欢自己做好吃的，或者是看比较愉悦的电影。这样给我做成功吃的会有一种成功感和满足感，嗯看过一些老电影脑子会放空。
"
0,"上一次跟别人争吵应该是跟我妈，跟我妈妈。是因为被催婚。
"
1,"上周二晚上踢球的时候。
"
0,"记不清了，已经很久很久没有跟别人争吵过了。大概是，可能是和我妈吵架吧。因为我不给她干活。
"
1,"友好，善良，活泼开朗，乐于学习。
"
0,"上一次争吵是和女朋友争吵。原因是因为一些很细小的小事儿，但是之后我们就和好了。
"
1,"最近感到开心的事情就是去见了自己喜欢的小哥哥，看他在篮球场上打篮球还递了一瓶矿泉水给他，就很满足。
"
0,"也不算争吵吧，但是自己可能会有一些不满的情绪，就在微信群里会发文字来表达自己的情绪。我是觉得班长安排工作安排得不是很合理，就表达了自己的意见，就不算是争吵。我本人也不太会争吵。
"
1,"喜欢看雪，喜欢我们家楼下做烤冷面叔叔的烤冷面，加肠加蛋不要辣
"
0,"我好像不怎么和别人吵架，上一次和别人吵架，可能还是因为跟我爸爸吵架吧。我平时在宿舍的话是不会跟舍友吵架的，一般都是我气他们，但是我不跟他们吵。跟我爸爸都吵架的话，我跟我爸已经吵习惯了，觉得可能二十岁了不会再吵架，但，可能还是会吵，但是就是吵完之后处理问题的方式可能会变得更成熟一点，就是两个人都会向彼此道歉，这样，我觉得这个是我们两个的一个成长，不仅是我，也是我爸的一个成长
"
1,"他的脾气很好，会纵容我的很多东西。我的故意任性的时候，就是他都不会计较。
"
0,"上一次争吵应该算是一周前吧。也不能算争吵只能算争论，就是关于为什么要否定别人、怎么否定别人，然后是不是需要有理有据的问题。因为发现自己身边的舍友越来越杠精。
"
1,"喜欢家乡的青山绿水。
"
0,"是上周。是因为他想跟我解释什么事情，反而我觉得不需要解释。
"
1,"诶？我放松的时候最喜欢睡觉，因为睡觉使我开心。
"
0,"时间太久远了，我已经忘啦。我好像没有跟人争吵过。对啊，我好像是没有跟人吵架。
"
1,"气候比较好，空气质量比较好，吃的东西比较符合口味，然后山地口味重口味点。
"
0,"在高铁站买票的时候，旁边有个老大娘硬要说我插队，她自己站在旁边，她觉得我插了她的队的。就很离谱，然后整个人也是特别神经质的一个傻货。
"
1,"放松的时候喜欢看书。因为觉得在书里面可以感受各种不同的人生，然后让自己的心情得到放松。
"
0,"嗯，最后悔的事情，没有最后悔的事情吧。人生不如意十有八九，心态放好就好啦，就不会有后悔的事情了。就坚定自己每一个选择都是对的。
"
1,"一边看电影一边打游戏。因为这样比较放松嘛，比较开心，也可以缓解平常中工作的压力吧。
"
0,"很久很久以前了吧。应该是大学本科的时候，可能和舍友一起争吵吧，因为他在我睡觉的时候抽烟，我有点受不了。
"
1,我最好的朋友现在在中国地质大学读博士，他比较活泼开朗，而且积极向上，同时非常的上进。平时跟他接触的时候我就觉得他非常的健谈，他平时的学习中也很靠谱，阅读了大量论文，然后对于做科学研究来说他也有很多自己独到的见解。
0,我呢目前在读博士，我最近一次感到懊恼和不开心，是在上个月，我做出来的实验结果。嗯，很难从理论方面很难对其进行理论上的解释。所以那一段时间我很不开心。很。很懊恼很不开心。
1,"最近没什么让我开心的事情。
"
0,上一次和人争吵，不记得了。最近时间都没有与人争吵过。
1,"初中同学。他的情商很高。
"
0,"不是特别经常。睡得不舒服。
"
1,听音乐，因为听音乐能让我感到放松，忘记一些烦恼的事。
0,"最讨厌的事就是别人不经我同意乱翻我东西。
"
1,"我喜欢和朋友一起玩游戏，因为这样的话大家一起玩聊聊天，挺热闹挺开心的。
"
0,"我最讨厌那种比较傲慢，然后没有礼貌，喜欢随便嘲讽别人，不顾他人感受的那些人。
"
1,刚才中午觉睡了两小时可开心了。
0,"会和朋友们说一下，或者是一些没有什么一些比较小的让我生气的事，就一会就气消了过去了。
"
1,"放松的时候最喜欢闭着眼睛想一些个让自己高兴的事，因为这样情绪会越来越好。
"
0,"最近一次情绪不好，还是因为工作上的事，因为一些个认为是不公平不公正，或者是不正确的占到了主导地位。
"
1,我的一个表姐。他整个人都很积极向上，也很阳光开朗，然后处事风格也很利落，能给我带来很多事情给我带来很多很好的建议，不管是工作上还是生活上。
0,曾经有一份 offer很好很满意，当时因为种种原因加上家里的意见，后面整个职业生涯规划完全是朝另外一条是比较后悔的。
1,"我放松的时候比较喜欢看一些直播，这样的话可以使自己的身心得到一定的放松。
"
0,最近来说没有什么特别懊恼或者说不开心的事情，如果说的话可能是刚刚步入职场，在为人处事方面或者怎么说，就是在为人处事方面有些做的不是很到位。而后自己的老师自己的师傅说的时候感觉，哦，确实自己这方面做得不是很好，进而感觉到可能有一定的沮丧。
1,我最好的朋友是我的高中同学，我们性格相合，然后他比较性格开朗，很能相处来。
0,偶尔失眠，失眠的时候就是有一点焦虑，然后就看手机，直到天亮。
1,"我上一次感觉到开心是几天以前我居家隔离7天之后我可以出门玩了，所以我感觉到很开心。
"
0,"我从来不失眠，我只要躺到床上想睡觉就可以睡着。
"
1,今天花费了大概一个小时陪女朋友吃火锅，这可能是我最近最开心的事。
0,前一段时间我自行车被偷的时候，我找我通过监控找到那个偷我自行车的人，然后和他的争吵。
1,我最近感到开心的事情是前段时间和朋友一起去吃烤肉的时候，因为发现那个店应该是挺无意间的，然后并且它是自助的，然后并且对学生还挺便宜的，当时吃的是特别的开心。
0,以后我是偶尔失眠的时候应该是压力比较大，或者是想一些事情的时候。然后。可能就是睡不着。然后可能会当时会起来之后，比如说看一个视频或者是听会歌，然后然后再进行再睡觉。
1,"喜欢打游戏，因为因为游戏可以带你体验另一个世界，而且还有意思。
"
0,"生气的时候保持微笑就好了。有那么多情绪要干嘛？情绪是没有用处的东西。
"
1,"最喜欢。我们家的吃的。
"
0,嗯，有时候会失眠，嗯，就是压力比较大的时候会晚上就一直睡不着觉，然后第二天早上就会比就是比较难受，就整个人都浑身都比较难受。
1,最近快回家过年了，比较开心。
0,"讨厌那种。没有意义的社交。
"
1,上一次开心大概是之前投的论文中了的时候，然后因为讨论的过程也经历了一波三折，反复的修改，最后也是经过一次修改，写reply letter，然后最后论文被接收。感觉也达到了硕士的毕业要求。基本上是按照自己入学时的预期，然后来一步步的完成了论文这项工作。
0,最后悔的事情，有些是。当时没有意识到的，有些是意识到，但做了错误决策的。至于最后悔的事情，觉得当时往前看。嗯，包括15年高考报志愿，还有18年推免的时候，太天马行空了，当时甚至出去跑佳联营，找面试，连笔记本都不带对吧？觉得有些晕头乱撞的感觉，觉得当时如果是换一种态度和心态而认真的去了解和准备的话，觉得会有一个更符合预期的更切实的结果。然后现在的路，因为每一段路每去到一个地方，那个地方的风气习惯都会形成隐喻。所以往往使用是记录（这段我也没听清是三个什么字），其实也预示了自己将来的路。我觉得当时是没有认真考虑过了，总觉得这阶段走完了就结束了。也难以想象出一个清晰的计划。这样子。
1,玩儿游戏。这会让我更快乐。
0,"记不清了。
"
1,我最喜欢家乡有一个地方的风景，那边你会看到一条河，然后河的对岸就是连绵起伏的群山，然后你站在那里看群山的时候，你会感觉到大概是一种辽阔和平静。
0,嗯。如果一开始能耐住麻烦，去认真调研很多事情的话，可能我就会做出一些更明智的选择。嗯，一开始不耐烦做，可能是我最后会最想改的事情。
1,测试测试，进行测试。测试测试，进行测试。Talk about the person who has a positive impact on your life. How has he or she influence on you?
0,"没有忘记了。疫情太久没见人。
"
1,最喜欢家乡。的食物，一些比较有风味的小吃。上大学以后在上海这边好像没有找到类似于家乡的小吃。
0,偶尔会失眠，不是经常失眠，就是有一段时间会连续几天失眠的那一段时间，就感觉躺着虽然大脑放空，额身体也放轻松了，但是就是没有办法入眠。
1,最近拿到了PHD的offer很开心。
0,"本科的时候没有好。好好学习挺后悔的。
"
1,嗯……，我爸爸吧。他根据他的日常行为影响的我。他的教育才让我自由的成长。然后没有给我太多压力，然后他的一些行为，他做事的一些风格也会影响到我。
0,想一些开心的事情，或者用一些其他事情来分来打断自己的分心，大概就是这样。来让自己分心就不再去想这些事情，然后或者去想一些对策。
1,"昨天晚上吃晚饭的时候，感觉晚饭很好吃，所以很开心。
"
0,"最后悔的事情应该是小学的时候没有保护好眼睛，然后所以导致在小学时候很早就近视了，然后现在眼睛度数也比较高。
"
1,"我放松的时候最喜欢看b站的视频，因为比较有意思。
"
0,记不太清上次与别人争吵是什么时候，因为很少与别人争吵。
1,通过了驾照，考驾照科目三的考试。
0,"上一次的话可能就是期末考试，有一些科目拿到的成绩并不是非常符合自己的心理预期，因为觉得自己的自己可能付出的努力没有得到想象中的回报，所以会觉得比较不开心。
"
1,"我最好的朋友应该是高中的一个室友，平时生活都在一起。然后。学习上也是互相帮助。兴趣爱好。大多都是一致的，或者运动玩的东西之类的。
"
0,失眠的话不经常，有的时候，比如可能在想一些东西在想，像今天没做完的要做的需要做的东西可能就对一个小时两个小时睡不着，有的时候会。
1,吃的。
0,我没有和别人争吵过。
1,就，没，没什么觉得特别高兴的。
0,其他的就觉得。为什么？
1,"最近感到开心的事情就是发了年终奖。
"
0,"最近一次不开心，应该是不被别人理解吧，觉得自己辛辛苦苦结果被误解了，就很生气。
"
1,"上周五公司开年会，然后大家一起看节目。
"
0,简单来说就是，最简单的方法就是转移情绪，然后去做一些别的事情，但一定不能让自己爆发。
1,给我带来正面影响的人是我的恋人，然后他会在我产生退却迷惘这些相对负面情绪的时候，给我一些正面的鼓励。然后对我的平时生活上各种，各种方面他都会有很多方面的帮助。
0,"大概是半个月前，并非是争吵，这都是只是争论而已，就是讲到了一个关于男女平权的一个问题，然后发生了一些争论，因为没有争吵，大概是这样。
"
1,"补充。我喜欢在家看书、画画或者出去湖边逛一逛，因为这样可以让我更加的放松，更加的开心。
"
0,"我不记得上次和别人争吵是什么时候了，因为我印象中没有和别人争吵过。
"
1,?I think I like about my hometown in that the lifestyle is quite slow here compared to Shanghai where I go to university. It it is pretty relaxable and comfort comfort for me.
0,我一般不会失眠，失眠的时候，就是感觉比较清醒。
1,"我放松的时候最喜欢看各类的体育赛事，这样让我完全进入一个全新的这种环境，不用考虑现实场景下的各种问题，并且能够享受整个观看的过程，能把自己全身心的带入到这样一个场景当中。
"
0,我几乎不失眠，晚上基本上能倒头就睡
1,"昨天下午配了两副比较满意的新眼镜，就比较开心。
"
0,"我生气的时候通常就是表情会比较沉闷，然后不怎么说话，等过一段时间慢慢的消化掉这个情绪。
"
1,"positive_49.wav
他是一个非常优秀的朋友。然后我这样子通过他的做事的方式方法这样子看一下。这个是德鲁克，德鲁克他的书影响了我。
"
0,没有太多后悔的事情。如果非要说后悔的话，就是应该在20来岁的时候处理事情更成熟稳重一些。
1,"在放松的时候我最喜欢想象一些我可能可以实现，但可能永远不会去实现的一些设计。主要是因为这些想法会突然之间出现在我的脑海中。
"
0,"我几乎不会失眠，但在失眠时会从绝望变成暴躁。
"
1,美食。
0,"昨天因为遇到无理取闹的人。
"
1,"最近开心的事情最近放假了，然后好不容易能够回到家，过最后一个寒假，然后就会很开心的这样子。
"
0,"我不怎么失眠，有的时候可能有心事的话会晚一点睡着，但是基本上都是不会失眠。
"
1,"搬了新家。
"
0,"昨天晚上因为没有有人没有信守承诺。
"
1,上一次比较开心应该就是考完期末考试，放假的那天晚上吧。就是因为考完了就比较轻松嘛，不过这种快乐还是比较短暂的。在放假的第二天就可能要想一想期末考试的情况，或者说规划一下将来的事情。
0,最近一次不开心就是，某门课的成绩比较不理想吧，期末考试，不过这种不开心也过得蛮快的，只不过可能在过去我感觉自己受到了不少的一些小的挫折或者说不顺利，所以现在对于这些事情甚至有一那么一点点麻木的感觉，有的时候会感觉自己像加缪笔下的穆尔索一样那种麻木的感觉。
1,"最近去了一次迪士尼，我觉得迪士尼是地球上最快乐的地方，所以我觉得这也是我最近比较快乐的一次经历或者说是活动。
"
0,上一次和别人争吵，就是最近啊可能是两个人对于一一件事物它的一个价值观取向并不是很一致，所以每个人都认为自己所认为的结果是正确的，我们就会因此进行争论。
1,"最近和同学一起吃饭，聊天的时候很开心。
"
0,印象比较深刻的后悔有主要大学期间感觉时间掌握的不是很好，很多时间都浪费掉了，因为因为（确实发音不太标准）做一些事情。
1,上次感到最开心或者激动的时候，是因为游戏的抽卡，感觉自己难得的欧了一次，就，就很高兴，对。
0,"最讨厌的人倒是没有一个具体讨厌的对象，但是我朋友跟我形容过就是那种在两个人的一段关系里面，自己把自己当成一个那种自我感动式的自我奉献的角色，就自己觉得自己是在为别人好，在为别人考虑。但实际上只是在给别人带来压力而已，这种人或者这种类似的事情和关系，我是非常讨厌。
"
1,说到最近比较开心的事情，就是我平时不是在实习吗，白天都工作很累，然后最近晚上会和我的朋友，然后我的家里一些人晚上一起打打游戏，然后可能每天9点多开始，10点多开始，然后周末白天也能打一会，哎呀就觉得哎呀在种在这种沉重的工作压力的压迫之下，游戏显得格外好玩，然后每次玩的时候感觉特别好。
0,争吵，我倒其实特别认真的争吵，可能还是在工作的时候，就是因为大家会在工作的时候意见上会有一些不一致。然后再一个是可能大家都比较急着有进度，所以互相都push的比较厉害，搞得大家其实心态都不太好，然后很容易就吵起来了。
1,"是我的母亲，因为她一直都教会我怎么判断现在什么事情对自己是最重要的，然后只在意最重要的这件事情。
"
0,"不经常失眠，很少有失眠的情况。
"
1,"昨天和弟弟吃火锅很开心。
"
0,"我不喜欢被监控被逼迫做一些事情。
"
1,"放假回家的过程就很开心。
"
0,"有时候会失眠，因为我室友打呼噜，失眠的时候就很烦，想尽快睡着。
"
1,放松的时候比较喜欢玩游戏、看书、看电视剧和漫画吧。因为首先玩游戏的话我是跟同学一起玩，所以在玩的过程中是比较开心的。然后看动画的话其实也是就放松一下，然后主要也会沉浸在一些其他的剧情里面，也是另外一种享受吧，还有看书的话，比较喜欢看那种文科类的知识书，来拓宽一下视野，或者是看一些小说，其实跟看动画也是差不多的效果。
0,目前来看，最后悔的事情的话可能是就我个人而言的话，可能是在高中或者是初中的时候，没有好好学习一些文科类的知识或者是语文。因为其实在日常生活中的话，我发现现在开始逐渐发现像包括历史，还有像金融类的一些知识，还有像语文就是语言的那种艺术其实还是比较有需要的。就虽然说是后悔的事情，但我感觉你在现在平时的生活中也能继续去补充，所以也不算什么大事。
1,"上个星期知道自己通过博士申请考核的消息。
"
0,"上次争吵应该是初中的时候，上课的时候有的同学说话影响到其他同学的学习了。
"
1,"上一次感到开心和激动是前天我买的出一个模型到了，然后等了好久然后终于到了，而且收到了以后发现质量也很好，也没有出现有可能出现的一些瑕疵和bug，然后感觉非常的开心。
"
0,好像很久都没有和别人争吵过了，因为感觉我这个人不太喜欢和别人吵架，然后如果有什么不满意的地方，可能会比较可能会直说，如果觉得如果对面一直还是不同意我的说法，或者是做一些我不太喜欢的事，然后我可能会选择让一下，或者是再跟他理论一下，但是不是很喜欢和别人争吵。
1,上，上周，说要换个家的时候。
0,"前几天把蓝牙耳机放进洗衣机里洗了。
"
1,"寒假放学回家，在爸妈在高铁站接我的时候。
"
0,"很少失眠，因为我瞌睡比较多。
"
1,"?Hello。能听到吗？距离我最近的一次开心，我觉得应该是上一次和几个朋友一起去打羽毛球，可能学习当中有意思的放松，然后和他们一起玩一玩，感觉还挺舒服的很愉快的。
"
0,上一次争吵应该就是和家里人可能和我父母因为家里的一些琐碎的事情，然后可能也是正是因为是家里的人，所以说观念在不同的时候就容易发生一些争执，但是事后也会觉得自己做的不是太好，好像每一次争吵都是这样子。
1,"?When I get relaxed, I'd like to play games because I came into the real world, world in the world that so you can craft about what you can do everything and without any pressure, some responsibility you just can I can do the thing with you. They're not in the real world."
0,"?Anything the most unhappy thing, I thought I broken with my friend. That’s it."
1,"元旦的时候和小伙伴一起在家吃火锅、打牌。
"
0,"本来今年过年，我妈要过来陪我在上海一起过年，然后由于疫情，他那边现在过不来了，然后就要一个人过年，就会感到不开心。
"
1,"找到一份工资更高的工作。
"
0,"不失眠。
"
1,"它基本上开朗乐观，能给人带来乐趣。当生活中有开心的事情，他也乐于分享给大家，然后大家有不开心的事情也乐于找他倾诉，他能帮助我们解决很多没有想到的问题，给人带来新的思考方式。
"
0,"不太会失眠，可能偶尔有时候因为实验效果不太好，或者是因为对某件事情的担心，或者是想不清楚某些问题，脑海里在反复思考着这一些问题和可能的解决方案，可能会偶尔有失眠的症状。
"
1,"我们公司年会抽奖中了奖。
"
0,我从不失眠，我倒头就睡。
1,"可能是上次爬山的时候，就是走路看风景有一点点累，然后爬了一整天的山，整个的过程当中还是挺开心的。
"
0,倒也没有经常失眠，失眠的话就是睡不着。就是无论如何也睡不着，就是失眠了。我可能会去听一些助眠的音乐，就是一些什么大自然的声音，什么海浪声，什么下雨的声音这种的。我经常在中午午睡的时候会听这种声音，因为办公室有的时候会有一点不是那么安静。午睡的时候，你如果就是不听的话，很有可能被别人吵到，所以我会听一些这些东西。
1,中午我吃了饭。
0,目前常失眠。（语音很不清楚）
1,无
0,"我之前生气的时候都处理不好自己的情绪，总是用发火，或者自己说大部分是用发火来解决。
"
1,"我会玩手机，说为什么？因为我处于很放松的状态的话，其实我不是有很多的事情需要去忙，所以说那就是在我放松的时候，一般是我比较清闲的时候，我清闲的时候就想说刷微博看一下东西，大概就是这个原因。
"
0,我没有经常失眠的这样一个状态，我一般入睡还是比较快的，因为我在入睡之前会做一些让自己比较放松的，让自己去酝酿酝酝酿一下睡意，所以说我不会有经常失眠的那个状态。但是如果是失眠的话，我比较想要自己想要让自己快一点睡着，所以我想要自己睡着那种感觉比较强烈一点。
1,"我大概前几天的时候感到非常高兴，因为我刚考完试，而且还考得不错。
"
0,我上一次和别人争吵是大概一个月之前，因为我们对一个旅行的计划产生了分歧，所以我们争吵了。
1,放松的时候喜欢听音乐、读书、休息、漫步、旅行，原因是可以放松自己，不会思考其他任何问题。
0,"目前来看没有什么后悔过的事情。
"
1,"人们都很友好，环境也很好，然后有很多可以发展的机会。
"
0,"我有时候会失眠，然后失眠的时候就会比较焦虑，然后也比较烦躁。
"
1,上次应该是1月20号吧期末考试刚考完那天，因为压力特别大，考完之后就很放松，也很开心。
0,是一门课成绩出了之后觉得很不开心，因为本来以为那门课的成绩是肯定没有问题的，没想到这学期那门课的成绩确实最差。
1,"我的爸爸妈妈他们在我遇到困难的过程当中会给予我最大的鼓励，努力，让我不再消极和低沉，然后从负面情绪的影响当中走出来，我觉得这是非常重要的。
"
0,大概两三天前，是在焦虑毕业以后，一个是博士毕业，再一个是博士毕业，该如何找工作的问题。
1,"他写代码很厉害。
"
0,在玩桌游的时候。然后他太菜了。
1,"喜欢家乡的食物。
"
0,最后悔的应该是我奶奶，没有好好的去多和她交流，多回家去看看她。
1,"最近出去旅游了一趟，玩得还算挺开心的。
"
0,"睡觉或者听歌。
"
1,"我最好的朋友叫做约翰张，他是我的老板，他经常有一些奇思妙想，有各种各样的idea，他都会和我讨论，让我去实现。当我有问题的时候我都会去找他，他都会很耐心的帮我解答。有时候我的论文写得不好，他会认真帮我修改一遍、两遍三遍，甚至4遍，修改好多次，他都没有什么怨言。还有时候我会晚上12点一点2点3点。4点。邮件找他，他早上7点的时候都会准时的回答我邮件里的问题，令我十分感动，所以他是我的最好的朋友。
"
0,我上一次感到不开心，生气。 懊恼。大概是去年11月初的时候，当时我有投一次国际会议，那时候国际会议出了审稿结果，啊，审稿的结果非常不好啊，有三个审稿人，一个质疑我的贡献不足，一个人认为我的方法提升了不多，另外一个人觉得我我做的东西他根本不理解，唉，真的是，最生气的是有其中一个审稿人，觉得我对文章的理解不对，但是那篇文章是我自己的文章啊，他既然说我理解自己的文章不对，真是太奇怪了，弄得我十分的不开心。我的论文被拒了，影响我毕业，所以真的是非常非常的不开心，非常非常的懊恼，唉。
1,喜欢看电影，因为看电影可以让一个人安静下来。
0,"当我生气时我会尽量从令我生气的场景中抽离出来，保持冷静，然后再去回顾整个事件，来平息自己的情绪。
"
1,"在我放松的时候我喜欢去健身房锻炼身体，因为锻炼可以让我保持良好的身材，也能让我更加的放松自己。
"
0,"看是哪种场合尽量控制自己的情绪。
"
1,"1 month ago I went to Disney land for a day. It was a happy day.
"
0,"?My biggest regret is that I had wasted some time last year and to do something. It's useful. I wasted some time.
"
1,学习优化的过程，本来以为工程数学会挂掉的，结果认真学习了一周之后去考试，最后没有挂掉，考的分数还蛮好，就很开心。
0,"一般在生气的时候会自己一个人呆在一个地方，去手机上找一些开心的事情来看，比如说看一些笑话，看一些小品之类的，有的时候还会自己一个人在那里听歌，或者去外面散散步，然后过一段时间之后就不会太生气了。
"
1,嗯，不会特意做什么，主要就是看看书或者是发发呆看看视频什么的。因为也不是特别知道想做什么，能自己放松下来，不去想一些东西就能放松起来。
0,就顺其自然了。
1,"就在刚才找到了一本电子书是我特别想读的那种。
"
0,不怎么失眠。但是如果失眠的话，就是可能会想很多东西，但是没有特别的感觉。
